:ID,name,:LABEL
28459,小儿内科,Department
28460,心理咨询,Department
28461,儿科综合,Department
28462,肿瘤科,Department
28463,成瘾医学科,Department
28464,肿瘤外科,Department
28465,其他综合,Department
28466,针灸科,Department
28467,其他科室,Department
28468,风湿科,Department
28469,内科,Department
28470,50-60岁发病多见,Department
28471,泌尿外科,Department
28472,外伤科,Department
28473,中医科,Department
28474,外科,Department
28475,精神科,Department
28476,小儿外科,Department
28477,普外科,Department
28478,骨科,Department
28479,性病科,Department
28480,肾内科,Department
28481,骨外科,Department
28482,精神病科,Department
28483,整形美容科,Department
28484,营养科,Department
28485,神经内科,Department
28486,眼科,Department
28487,妇产科,Department
28488,岁为发病高峰,Department
28489,器官移植,Department
28490,生殖健康,Department
28491,中医综合,Department
28492,泌尿内科,Department
28493,老年科,Department
28494,肝病,Department
28495,体检保健科,Department
28496,遗传病科,Department
28497,手外科,Department
28498,无特殊人群,Department
28499,肿瘤内科,Department
28500,心理科,Department
28501,心内科,Department
28502,呼吸内科,Department
28503,口腔科,Department
28504,妇科,Department
28505,消化内科,Department
28506,内分泌科,Department
28507,急诊科,Department
28508,儿科,Department
28509,脑外科,Department
28510,神经外科,Department
28511,男性发病率高于女性,Department
28512,胃肠外科,Department
28513,减肥,Department
28514,皮肤性病,Department
28515,肝胆外科,Department
28516,心胸外科,Department
28517,烧伤科,Department
28518,五官科,Department
28519,见男性稍多于女性,Department
28520,皮肤性病科,Department
28521,精神心理科,Department
28522,心血管内科,Department
28523,中西医结合科,Department
28524,皮肤科,Department
28525,传染科,Department
28526,康复科,Department
28527,男科,Department
28528,血液科,Department
28529,以40~50,Department
28530,感染科,Department
28531,肛肠外科,Department
28532,肝炎,Department
28533,nan,Department
28534,风湿免疫科,Department
28535,血管外科,Department
28536,乳腺外科,Department
28537,不孕不育,Department
28538,耳鼻喉科,Department
28539,产科,Department
28540,肛肠科,Department
