:ID,name,:LABEL
28377,肋骨,Part
28378,卵巢,Part
28379,血液血管,Part
28380,肌肉,Part
28381,小腿,Part
28382,脊柱,Part
28383,臀部,Part
28384,下肢,Part
28385,咽喉,Part
28386,颈部,Part
28387,腰部,Part
28388,周围神经系统,Part
28389,其他骨,Part
28390,膀胱,Part
28391,膝部,Part
28392,免疫系统,Part
28393,关节,Part
28394,手部,Part
28395,肠系膜,Part
28396,肾上腺,Part
28397,肝,Part
28398,阴道,Part
28399,子宫,Part
28400,阑尾,Part
28401,足部,Part
28402,睾丸,Part
28403,腹部,Part
28404,其他,Part
28405,面部,Part
28406,阴茎,Part
28407,心理,Part
28408,下肢骨,Part
28409,纵膈,Part
28410,乳房,Part
28411,肛门,Part
28412,女性生殖,Part
28413,阴囊,Part
28414,眼,Part
28415,肠,Part
28416,男性生殖,Part
28417,骨髓,Part
28418,食管,Part
28419,口,Part
28420,上肢,Part
28421,输卵管,Part
28422,气管,Part
28423,大腿,Part
28424,皮肤,Part
28425,胃,Part
28426,外阴,Part
28427,心脏,Part
28428,耳,Part
28429,输尿管,Part
28430,前列腺,Part
28431,膈肌,Part
28432,淋巴,Part
28433,颅骨,Part
28434,输精管,Part
28435,会阴部,Part
28436,胸部,Part
28437,骨,Part
28438,盆腔,Part
28439,肺,Part
28440,头部,Part
28441,甲状腺,Part
28442,肾,Part
28443,胆,Part
28444,肩部,Part
28445,nan,Part
28446,上臂,Part
28447,腹膜,Part
28448,脊髓,Part
28449,颅脑,Part
28450,脾,Part
28451,胰腺,Part
28452,肘部,Part
28453,全身,Part
28454,盆骨,Part
28455,尿道,Part
28456,上肢骨,Part
28457,前臂,Part
28458,鼻,Part
